{"title": "accelerometer values", "body": {"x": 1888, "y": 0.021234232, "z": 9.8123432}}